<application>
  <component name="DimensionService">
    <location key="find.popup.0.0.3440.1440@120dpi" x="1048" y="143" />
    <location key="find.popup.0.0.3441.1441@168dpi" x="1047" y="161" />
    <location key="find.popup.0.0.3441.1440@216dpi" x="1046" y="90" />
    <location key="find.popup.0.0.1920.1080" x="788" y="166" />
    <size key="GridCell.Tab.0.left.0.0.3440.1440@120dpi" width="1215" height="382" />
    <size key="GridCell.Tab.0.center.0.0.3440.1440@120dpi" width="1215" height="382" />
    <size key="GridCell.Tab.0.right.0.0.3440.1440@120dpi" width="1215" height="382" />
    <size key="GridCell.Tab.0.bottom.0.0.3440.1440@120dpi" width="1215" height="382" />
    <size key="find.popup.0.0.3440.1440@120dpi" width="1007" height="1219" />
    <size key="GridCell.Tab.1.left.0.0.3440.1440@120dpi" width="1215" height="408" />
    <size key="GridCell.Tab.1.center.0.0.3440.1440@120dpi" width="1215" height="408" />
    <size key="GridCell.Tab.1.right.0.0.3440.1440@120dpi" width="1215" height="408" />
    <size key="GridCell.Tab.1.bottom.0.0.3440.1440@120dpi" width="1215" height="408" />
    <size key="GridCell.Tab.0.left.0.0.3441.1441@168dpi" width="1399" height="359" />
    <size key="GridCell.Tab.0.center.0.0.3441.1441@168dpi" width="1399" height="359" />
    <size key="GridCell.Tab.0.right.0.0.3441.1441@168dpi" width="1399" height="359" />
    <size key="GridCell.Tab.0.bottom.0.0.3441.1441@168dpi" width="1399" height="359" />
    <size key="find.popup.0.0.3441.1441@168dpi" width="1406" height="1257" />
    <size key="GridCell.Tab.1.left.0.0.3441.1441@168dpi" width="1392" height="357" />
    <size key="GridCell.Tab.1.center.0.0.3441.1441@168dpi" width="1392" height="357" />
    <size key="GridCell.Tab.1.right.0.0.3441.1441@168dpi" width="1392" height="357" />
    <size key="GridCell.Tab.1.bottom.0.0.3441.1441@168dpi" width="1392" height="357" />
    <size key="GridCell.Tab.0.left.0.0.3441.1440@216dpi" width="1436" height="646" />
    <size key="GridCell.Tab.0.center.0.0.3441.1440@216dpi" width="1436" height="646" />
    <size key="GridCell.Tab.0.right.0.0.3441.1440@216dpi" width="1436" height="646" />
    <size key="GridCell.Tab.0.bottom.0.0.3441.1440@216dpi" width="1436" height="646" />
    <size key="find.popup.0.0.3441.1440@216dpi" width="1854" height="1463" />
    <size key="GridCell.Tab.1.left.0.0.3441.1440@216dpi" width="1544" height="356" />
    <size key="GridCell.Tab.1.center.0.0.3441.1440@216dpi" width="1544" height="356" />
    <size key="GridCell.Tab.1.right.0.0.3441.1440@216dpi" width="1544" height="356" />
    <size key="GridCell.Tab.1.bottom.0.0.3441.1440@216dpi" width="1544" height="356" />
    <size key="GridCell.Tab.0.left.0.0.1920.1080" width="1302" height="588" />
    <size key="GridCell.Tab.0.center.0.0.1920.1080" width="1302" height="588" />
    <size key="GridCell.Tab.0.right.0.0.1920.1080" width="1302" height="588" />
    <size key="GridCell.Tab.0.bottom.0.0.1920.1080" width="1302" height="588" />
    <size key="find.popup.0.0.1920.1080" width="630" height="650" />
  </component>
  <component name="WindowManager">
    <frame x="263" y="24" width="1400" height="991" />
  </component>
  <component name="WindowStateApplicationService">
    <state x="698" y="263" key="FileChooserDialogImpl" timestamp="1743154421379">
      <screen x="0" y="0" width="1920" height="1032" />
    </state>
    <state x="698" y="263" key="FileChooserDialogImpl/-2560.10.1280.776/0.0.1920.1032" timestamp="1743154421379" />
    <state width="478" height="111" key="ShowUsagesActions.dimensionServiceKey" timestamp="1743478597903">
      <screen x="0" y="0" width="1920" height="1032" />
    </state>
    <state width="478" height="111" key="ShowUsagesActions.dimensionServiceKey/-2560.10.1280.776/0.0.1920.1032" timestamp="1743478597903" />
    <state width="521" height="111" key="ShowUsagesActions.dimensionServiceKey/0.0.1446.640" timestamp="1740827751386" />
    <state width="447" height="135" key="ShowUsagesActions.dimensionServiceKey/0.40.1529.600" timestamp="1741518269206" />
    <state width="399" height="187" key="ShowUsagesActions.dimensionServiceKey/0.40.1966.783" timestamp="1737774391379" />
    <state width="456" height="111" key="ShowUsagesActions.dimensionServiceKey/0.40.2752.1112" timestamp="1736771804344" />
    <state x="959" y="516" width="1005" height="1032" key="WELCOME_SCREEN" timestamp="1743154401736">
      <screen x="0" y="0" width="1920" height="1032" />
    </state>
    <state x="959" y="516" width="1005" height="1032" key="WELCOME_SCREEN/-2560.10.1280.776/0.0.1920.1032" timestamp="1743154401736" />
    <state x="764" y="320" width="800" height="640" key="WELCOME_SCREEN/0.0.1446.640" timestamp="1741409282032" />
    <state x="764" y="340" width="800" height="600" key="WELCOME_SCREEN/0.40.1529.600" timestamp="1741409293977" />
  </component>
</application>