<profile version="1.0">
  <option name="myName" value="Default" />
  <inspection_tool class="PyArgumentEqualDefaultInspection" enabled="true" level="WEAK WARNING" enabled_by_default="true" />
  <inspection_tool class="PyAugmentAssignmentInspection" enabled="true" level="WEAK WARNING" enabled_by_default="true" />
  <inspection_tool class="PyClassicStyleClassInspection" enabled="true" level="WARNING" enabled_by_default="true" />
  <inspection_tool class="PyCompatibilityInspection" enabled="true" level="TEXT ATTRIBUTES" enabled_by_default="true" editorAttributes="CONSIDERATION_ATTRIBUTES">
    <option name="ourVersions">
      <value>
        <list size="2">
          <item index="0" class="java.lang.String" itemvalue="3.13" />
          <item index="1" class="java.lang.String" itemvalue="3.12" />
        </list>
      </value>
    </option>
  </inspection_tool>
  <inspection_tool class="PyInterpreterInspection" enabled="false" level="WARNING" enabled_by_default="false" />
  <inspection_tool class="PyMandatoryEncodingInspection" enabled="true" level="WARNING" enabled_by_default="true" />
  <inspection_tool class="PyMissingOrEmptyDocstringInspection" enabled="true" level="WEAK WARNING" enabled_by_default="true" />
  <inspection_tool class="PyMissingTypeHintsInspection" enabled="true" level="WEAK WARNING" enabled_by_default="true" />
  <inspection_tool class="PyPackageRequirementsInspection" enabled="true" level="WARNING" enabled_by_default="true">
    <option name="ignoredPackages">
      <value>
        <list size="29">
          <item index="0" class="java.lang.String" itemvalue="pymysql" />
          <item index="1" class="java.lang.String" itemvalue="mysqlclient" />
          <item index="2" class="java.lang.String" itemvalue="referencing" />
          <item index="3" class="java.lang.String" itemvalue="browser-cookie3" />
          <item index="4" class="java.lang.String" itemvalue="protobuf" />
          <item index="5" class="java.lang.String" itemvalue="pydeck" />
          <item index="6" class="java.lang.String" itemvalue="smmap" />
          <item index="7" class="java.lang.String" itemvalue="multitasking" />
          <item index="8" class="java.lang.String" itemvalue="nvidia-ml-py" />
          <item index="9" class="java.lang.String" itemvalue="gitdb" />
          <item index="10" class="java.lang.String" itemvalue="jpype1" />
          <item index="11" class="java.lang.String" itemvalue="konlpy" />
          <item index="12" class="java.lang.String" itemvalue="jsonschema-specifications" />
          <item index="13" class="java.lang.String" itemvalue="rpds-py" />
          <item index="14" class="java.lang.String" itemvalue="yfinance" />
          <item index="15" class="java.lang.String" itemvalue="tenacity" />
          <item index="16" class="java.lang.String" itemvalue="lxml" />
          <item index="17" class="java.lang.String" itemvalue="mysql" />
          <item index="18" class="java.lang.String" itemvalue="peewee" />
          <item index="19" class="java.lang.String" itemvalue="jsonschema" />
          <item index="20" class="java.lang.String" itemvalue="blinker" />
          <item index="21" class="java.lang.String" itemvalue="pyarrow" />
          <item index="22" class="java.lang.String" itemvalue="GitPython" />
          <item index="23" class="java.lang.String" itemvalue="shadowcopy" />
          <item index="24" class="java.lang.String" itemvalue="lz4" />
          <item index="25" class="java.lang.String" itemvalue="altair" />
          <item index="26" class="java.lang.String" itemvalue="watchdog" />
          <item index="27" class="java.lang.String" itemvalue="cachetools" />
          <item index="28" class="java.lang.String" itemvalue="frozendict" />
        </list>
      </value>
    </option>
  </inspection_tool>
  <inspection_tool class="PyPep8NamingInspection" enabled="true" level="WEAK WARNING" enabled_by_default="true">
    <option name="ignoredErrors">
      <list>
        <option value="N802" />
      </list>
    </option>
  </inspection_tool>
</profile>