<application>
  <component name="FileTypeManager" version="19">
    <ignoreFiles list="*$py.class;*.pyc;*.pyo;*.rbc;*.yarb;*~;.DS_Store;.git;.hg;.mypy_cache;.pytest_cache;.ruff_cache;.svn;CVS;__pycache__;_svn;vssver.scc;vssver2.scc" />
    <extensionMap>
      <mapping pattern=".dockerignore" type="PLAIN_TEXT" />
      <mapping ext="ahk" type="PLAIN_TEXT" />
      <removed_mapping pattern=".dockerignore" approved="true" type="DockerIgnore file" />
    </extensionMap>
  </component>
</application>