<application>
  <component name="Trusted.Paths">
    <option name="TRUSTED_PROJECT_PATHS">
      <map>
        <entry key="C:\Users\WIN10PROPC3\Downloads\[]\park4139" value="true" />
        <entry key="C:\Users\WIN10PROPC3\Downloads\[]\pk4139" value="true" />
        <entry key="C:\Users\WIN10PROPC3\Downloads\jung_hoon_park\park4139" value="true" />
        <entry key="C:\Users\WIN10PROPC3\Downloads\jung_hoon_park\plain" value="true" />
        <entry key="C:\Users\WIN10PROPC3\Downloads\pk4139" value="true" />
        <entry key="C:\Users\WIN10P~1\AppData\Local\Temp\pk41394704435075196490801" value="true" />
      </map>
    </option>
  </component>
  <component name="Trusted.Paths.Settings">
    <option name="TRUSTED_PATHS">
      <list>
        <option value="C:\Users\WIN10PROPC3\Downloads\jung_hoon_park" />
        <option value="C:\Users\WIN10PROPC3\Downloads\[]" />
        <option value="C:\Users\WIN10PROPC3\Downloads" />
      </list>
    </option>
  </component>
</application>