<application>
  <component name="DimensionService">
    <location key="find.popup.0.0.3440.1440@120dpi" x="1048" y="143" />
    <location key="find.popup.0.0.3441.1441@168dpi" x="1047" y="161" />
    <location key="find.popup.0.0.3441.1440@216dpi" x="1019" y="90" />
    <location key="find.popup.0.0.4095.2160@288dpi" x="1212" y="120" />
    <location key="find.popup.0.0.2160.4097@144dpi" x="726" y="-1" />
    <size key="GridCell.Tab.0.left.0.0.3440.1440@120dpi" width="1215" height="382" />
    <size key="GridCell.Tab.0.center.0.0.3440.1440@120dpi" width="1215" height="382" />
    <size key="GridCell.Tab.0.right.0.0.3440.1440@120dpi" width="1215" height="382" />
    <size key="GridCell.Tab.0.bottom.0.0.3440.1440@120dpi" width="1215" height="382" />
    <size key="find.popup.0.0.3440.1440@120dpi" width="1007" height="1219" />
    <size key="GridCell.Tab.1.left.0.0.3440.1440@120dpi" width="1215" height="408" />
    <size key="GridCell.Tab.1.center.0.0.3440.1440@120dpi" width="1215" height="408" />
    <size key="GridCell.Tab.1.right.0.0.3440.1440@120dpi" width="1215" height="408" />
    <size key="GridCell.Tab.1.bottom.0.0.3440.1440@120dpi" width="1215" height="408" />
    <size key="GridCell.Tab.0.left.0.0.3441.1441@168dpi" width="1399" height="359" />
    <size key="GridCell.Tab.0.center.0.0.3441.1441@168dpi" width="1399" height="359" />
    <size key="GridCell.Tab.0.right.0.0.3441.1441@168dpi" width="1399" height="359" />
    <size key="GridCell.Tab.0.bottom.0.0.3441.1441@168dpi" width="1399" height="359" />
    <size key="find.popup.0.0.3441.1441@168dpi" width="1406" height="1257" />
    <size key="GridCell.Tab.1.left.0.0.3441.1441@168dpi" width="1392" height="357" />
    <size key="GridCell.Tab.1.center.0.0.3441.1441@168dpi" width="1392" height="357" />
    <size key="GridCell.Tab.1.right.0.0.3441.1441@168dpi" width="1392" height="357" />
    <size key="GridCell.Tab.1.bottom.0.0.3441.1441@168dpi" width="1392" height="357" />
    <size key="GridCell.Tab.0.left.0.0.3441.1440@216dpi" width="1537" height="765" />
    <size key="GridCell.Tab.0.center.0.0.3441.1440@216dpi" width="1537" height="765" />
    <size key="GridCell.Tab.0.right.0.0.3441.1440@216dpi" width="1537" height="765" />
    <size key="GridCell.Tab.0.bottom.0.0.3441.1440@216dpi" width="1537" height="765" />
    <size key="find.popup.0.0.3441.1440@216dpi" width="1587" height="1463" />
    <size key="GridCell.Tab.1.left.0.0.3441.1440@216dpi" width="3256" height="822" />
    <size key="GridCell.Tab.1.center.0.0.3441.1440@216dpi" width="3256" height="822" />
    <size key="GridCell.Tab.1.right.0.0.3441.1440@216dpi" width="3256" height="822" />
    <size key="GridCell.Tab.1.bottom.0.0.3441.1440@216dpi" width="3256" height="822" />
    <size key="GridCell.Tab.0.left.0.0.4095.2160@288dpi" width="3849" height="546" />
    <size key="GridCell.Tab.0.center.0.0.4095.2160@288dpi" width="3849" height="546" />
    <size key="GridCell.Tab.0.right.0.0.4095.2160@288dpi" width="3849" height="546" />
    <size key="GridCell.Tab.0.bottom.0.0.4095.2160@288dpi" width="3849" height="546" />
    <size key="find.popup.0.0.4095.2160@288dpi" width="1887" height="1950" />
    <size key="GridCell.Tab.1.left.0.0.4095.2160@288dpi" width="3843" height="1254" />
    <size key="GridCell.Tab.1.center.0.0.4095.2160@288dpi" width="3843" height="1254" />
    <size key="GridCell.Tab.1.right.0.0.4095.2160@288dpi" width="3843" height="1254" />
    <size key="GridCell.Tab.1.bottom.0.0.4095.2160@288dpi" width="3843" height="1254" />
    <size key="find.popup.0.0.2160.4097@144dpi" width="1206" height="4097" />
  </component>
  <component name="WindowManager">
    <frame x="126" y="2448" width="1851" height="1455" />
  </component>
  <component name="WindowStateApplicationService">
    <state x="391" y="128" key="FileChooserDialogImpl" timestamp="1744379774029">
      <screen x="0" y="40" width="1365" height="680" />
    </state>
    <state x="391" y="128" key="FileChooserDialogImpl/0.40.1365.680" timestamp="1744379774029" />
    <state width="475" height="815" key="ShowUsagesActions.dimensionServiceKey" timestamp="1747487321034">
      <screen x="81" y="0" width="1359" height="2731" />
    </state>
    <state width="470" height="111" key="ShowUsagesActions.dimensionServiceKey/0.0.1359.2731" timestamp="1747438239939" />
    <state width="521" height="111" key="ShowUsagesActions.dimensionServiceKey/0.0.1446.640" timestamp="1740827751386" />
    <state width="362" height="135" key="ShowUsagesActions.dimensionServiceKey/0.0.1529.600" timestamp="1742047583952" />
    <state width="491" height="111" key="ShowUsagesActions.dimensionServiceKey/0.40.1365.680" timestamp="1745249887703" />
    <state width="464" height="135" key="ShowUsagesActions.dimensionServiceKey/0.40.1529.600" timestamp="1746014838629" />
    <state width="475" height="815" key="ShowUsagesActions.dimensionServiceKey/81.0.1359.2731" timestamp="1747487321034" />
    <state x="682" y="380" width="800" height="680" key="WELCOME_SCREEN" timestamp="1744379750061">
      <screen x="0" y="40" width="1365" height="680" />
    </state>
    <state x="764" y="320" width="800" height="640" key="WELCOME_SCREEN/0.0.1446.640" timestamp="1741409282032" />
    <state x="682" y="380" width="800" height="680" key="WELCOME_SCREEN/0.40.1365.680" timestamp="1744379750061" />
    <state x="764" y="340" width="800" height="600" key="WELCOME_SCREEN/0.40.1529.600" timestamp="1741409293977" />
  </component>
</application>