<profile version="1.0">
  <option name="myName" value="Default" />
  <inspection_tool class="PyArgumentEqualDefaultInspection" enabled="true" level="WEAK WARNING" enabled_by_default="true" />
  <inspection_tool class="PyAugmentAssignmentInspection" enabled="true" level="WEAK WARNING" enabled_by_default="true" />
  <inspection_tool class="PyClassicStyleClassInspection" enabled="true" level="WARNING" enabled_by_default="true" />
  <inspection_tool class="PyCompatibilityInspection" enabled="true" level="TEXT ATTRIBUTES" enabled_by_default="true" editorAttributes="CONSIDERATION_ATTRIBUTES">
    <option name="ourVersions">
      <value>
        <list size="2">
          <item index="0" class="java.lang.String" itemvalue="3.13" />
          <item index="1" class="java.lang.String" itemvalue="3.12" />
        </list>
      </value>
    </option>
  </inspection_tool>
  <inspection_tool class="PyInterpreterInspection" enabled="false" level="WARNING" enabled_by_default="false" />
  <inspection_tool class="PyMandatoryEncodingInspection" enabled="true" level="WARNING" enabled_by_default="true" />
  <inspection_tool class="PyMissingOrEmptyDocstringInspection" enabled="true" level="WEAK WARNING" enabled_by_default="true" />
  <inspection_tool class="PyMissingTypeHintsInspection" enabled="true" level="WEAK WARNING" enabled_by_default="true" />
  <inspection_tool class="PyPackageRequirementsInspection" enabled="true" level="WARNING" enabled_by_default="true">
    <option name="ignoredPackages">
      <value>
        <list size="10">
          <item index="0" class="java.lang.String" itemvalue="pymysql" />
          <item index="1" class="java.lang.String" itemvalue="pyglet" />
          <item index="2" class="java.lang.String" itemvalue="yt-dlp" />
          <item index="3" class="java.lang.String" itemvalue="starlette" />
          <item index="4" class="java.lang.String" itemvalue="matplotlib" />
          <item index="5" class="java.lang.String" itemvalue="ecdsa" />
          <item index="6" class="java.lang.String" itemvalue="setuptools" />
          <item index="7" class="java.lang.String" itemvalue="pyasn1" />
          <item index="8" class="java.lang.String" itemvalue="python-jose" />
          <item index="9" class="java.lang.String" itemvalue="pycryptodomex" />
        </list>
      </value>
    </option>
  </inspection_tool>
  <inspection_tool class="PyPep8NamingInspection" enabled="true" level="WEAK WARNING" enabled_by_default="true">
    <option name="ignoredErrors">
      <list>
        <option value="N802" />
      </list>
    </option>
  </inspection_tool>
</profile>