<application>
  <component name="GeneralSettings">
    <option name="showTipsOnStartup" value="false" />
    <option name="confirmExit" value="false" />
    <option name="confirmOpenNewProject2" value="0" />
    <option name="processCloseConfirmation" value="TERMINATE" />
  </component>
  <component name="Registry">
    <entry key="ide.experimental.ui" value="true" />
    <entry key="undo.globalUndoLimit" value="100" />
    <entry key="undo.documentUndoLimit" value="1000" />
    <entry key="moved.to.new.ui" value="true" />
    <entry key="i18n.locale" value="" />
  </component>
</application>